﻿<?xml version="1.0" encoding="utf-8"?>
<component format="1" id="googleplayservices-gcm" is-shell="true">
  <name>Google Play Services - Cloud Messaging (GCM)</name>
  <publisher>Xamarin Inc.</publisher>
  <publisher-url>http://xamarin.com</publisher-url>
  <version>27.0.0.0</version>
  <summary>Simple and reliable messaging to reach over a billion devices.</summary>
  <packages>
    <package id="Xamarin.GooglePlayServices.Gcm" version="27.0.0.0" framework="android" />
  </packages>
  <samples>
    <sample id="GCMSample">
      <name>GCM Sample</name>
      <summary>GCM Sample</summary>
    </sample>
  </samples>
</component>